{"cameraMode":{"drawMode":0,"name":"Shaded","section":"Shading Mode"},"sceneLighting":true,"audioPlay":false,"sceneViewState":{"m_AlwaysRefresh":false,"showFog":true,"showSkybox":true,"showFlares":true,"showImageEffects":true,"showParticleSystems":true,"showVisualEffectGraphs":true,"m_FxEnabled":true},"in2DMode":false,"pivot":{"x":-15.518012046813965,"y":0.20921161770820619,"z":10.499873161315918},"rotation":{"x":-0.07221187651157379,"y":0.7551591396331787,"z":-0.08440513163805008,"w":-0.6460651755332947},"size":30.685317993164064,"orthographic":false}